{
    "name": "root",
    "metadata": {
        "timer_format_version": "0.1.0",
        "start_time_seconds": "1723584510",
        "python_version": "3.9.13 (tags/v3.9.13:6de2ca5, May 17 2022, 16:36:42) [MSC v.1929 64 bit (AMD64)]",
        "command_line_arguments": "C:\\UnityProjects\\MotoCourier\\venv\\Scripts\\mlagents-learn --run-id=Test19",
        "mlagents_version": "0.30.0",
        "mlagents_envs_version": "0.30.0",
        "communication_protocol_version": "1.5.0",
        "pytorch_version": "2.4.0+cpu",
        "numpy_version": "1.21.2",
        "end_time_seconds": "1723584644"
    },
    "total": 134.3795385,
    "count": 1,
    "self": 0.005448700000016515,
    "children": {
        "run_training.setup": {
            "total": 0.07069839999999994,
            "count": 1,
            "self": 0.07069839999999994
        },
        "TrainerController.start_learning": {
            "total": 134.30339139999998,
            "count": 1,
            "self": 0.00031289999998307394,
            "children": {
                "TrainerController._reset_env": {
                    "total": 10.9782656,
                    "count": 1,
                    "self": 10.9782656
                },
                "TrainerController.advance": {
                    "total": 123.14830940000002,
                    "count": 7,
                    "self": 0.00014690000001849057,
                    "children": {
                        "env_step": {
                            "total": 123.1479721,
                            "count": 7,
                            "self": 123.13907610000001,
                            "children": {
                                "SubprocessEnvManager._take_step": {
                                    "total": 0.008802700000000385,
                                    "count": 7,
                                    "self": 0.0006195000000008832,
                                    "children": {
                                        "TorchPolicy.evaluate": {
                                            "total": 0.008183199999999502,
                                            "count": 7,
                                            "self": 0.008183199999999502
                                        }
                                    }
                                },
                                "workers": {
                                    "total": 9.329999999962979e-05,
                                    "count": 6,
                                    "self": 0.0,
                                    "children": {
                                        "worker_root": {
                                            "total": 1.7381490000000017,
                                            "count": 6,
                                            "is_parallel": true,
                                            "self": 1.1246497000000026,
                                            "children": {
                                                "steps_from_proto": {
                                                    "total": 0.00032110000000074024,
                                                    "count": 1,
                                                    "is_parallel": true,
                                                    "self": 9.820000000004825e-05,
                                                    "children": {
                                                        "_process_rank_one_or_two_observation": {
                                                            "total": 0.000222900000000692,
                                                            "count": 2,
                                                            "is_parallel": true,
                                                            "self": 0.000222900000000692
                                                        }
                                                    }
                                                },
                                                "UnityEnvironment.step": {
                                                    "total": 0.6131781999999983,
                                                    "count": 6,
                                                    "is_parallel": true,
                                                    "self": 0.001115599999998551,
                                                    "children": {
                                                        "UnityEnvironment._generate_step_input": {
                                                            "total": 0.002739099999997663,
                                                            "count": 6,
                                                            "is_parallel": true,
                                                            "self": 0.002739099999997663
                                                        },
                                                        "communicator.exchange": {
                                                            "total": 0.6073459000000003,
                                                            "count": 6,
                                                            "is_parallel": true,
                                                            "self": 0.6073459000000003
                                                        },
                                                        "steps_from_proto": {
                                                            "total": 0.0019776000000018,
                                                            "count": 6,
                                                            "is_parallel": true,
                                                            "self": 0.0006352000000031666,
                                                            "children": {
                                                                "_process_rank_one_or_two_observation": {
                                                                    "total": 0.0013423999999986336,
                                                                    "count": 12,
                                                                    "is_parallel": true,
                                                                    "self": 0.0013423999999986336
                                                                }
                                                            }
                                                        }
                                                    }
                                                }
                                            }
                                        }
                                    }
                                }
                            }
                        },
                        "trainer_advance": {
                            "total": 0.00019039999999925783,
                            "count": 6,
                            "self": 0.00013229999999886388,
                            "children": {
                                "process_trajectory": {
                                    "total": 5.810000000039395e-05,
                                    "count": 6,
                                    "self": 5.810000000039395e-05
                                }
                            }
                        }
                    }
                },
                "TrainerController._save_models": {
                    "total": 0.17650349999999548,
                    "count": 1,
                    "self": 0.011395899999996573,
                    "children": {
                        "RLTrainer._checkpoint": {
                            "total": 0.1651075999999989,
                            "count": 1,