{"count":1,"self":1.9562229999999998,"total":15.7379579,"children":{"InitializeActuators":{"count":144,"self":0.0020135,"total":0.0020135,"children":null},"InitializeSensors":{"count":144,"self":0.0010295999999999999,"total":0.0010295999999999999,"children":null},"AgentSendState":{"count":1367,"self":0.0374663,"total":3.7924024,"children":{"CollectObservations":{"count":39456,"self":0.0341142,"total":0.0341142,"children":null},"WriteActionMask":{"count":39456,"self":0.0059080999999999995,"total":0.0059080999999999995,"children":null},"RequestDecision":{"count":39456,"self":0.0385629,"total":3.7149137999999997,"children":{"AgentInfo.ToProto":{"count":39456,"self":0.0432175,"total":3.6763508999999996,"children":{"GenerateSensorData":{"count":39456,"self":3.6331336,"total":3.6331333999999997,"children":null}}}}}}},"DecideAction":{"count":1367,"self":9.6204176,"total":9.6204173,"children":null},"AgentAct":{"count":1367,"self":0.1004697,"total":0.1004697,"children":null},"AgentInfo.ToProto":{"count":2043,"self":0.0044379,"total":0.2644023,"children":{"GenerateSensorData":{"count":2043,"self":0.2599644,"total":0.2599644,"children":null}}}},"gauges":{"DemoMoveToTarget.CumulativeReward":{"count":2043,"max":1.68500018,"min":-1.73999953,"runningAverage":0.9089698,"value":-1.5449996,"weightedAverage":0.504569054}},"metadata":{"timer_format_version":"0.1.0","start_time_seconds":"1723815401","unity_version":"2022.3.13f1","command_line_arguments":"C:\\Program Files\\Unity\\Hub\\Editor\\2022.3.13f1\\Editor\\Unity.exe -projectpath C:\\UnityProjects\\MotoCourier -useHub -hubIPC -cloudEnvironment production -licensingIpc LicenseClient-Yaroslav -hubSessionId 7e1932f9-05e8-44c1-b00c-1526fb18f343 -accessToken PB31VwVK-h4AibZ50P36JO66qqpjie-7ySr-maP2xYY002f","communication_protocol_version":"1.5.0","com.unity.ml-agents_version":"2.0.1","scene_name":"ML_DemoLearning","end_time_seconds":"1723815416"}}