{"count":1,"self":293.85059839999997,"total":1615.5712354999998,"children":{"InitializeActuators":{"count":94,"self":0.0015057999999999998,"total":0.0015057999999999998,"children":null},"InitializeSensors":{"count":94,"self":0.0010000999999999999,"total":0.0010000999999999999,"children":null},"AgentSendState":{"count":169134,"self":4.6012584,"total":424.1249645,"children":{"CollectObservations":{"count":3179738,"self":94.3408256,"total":94.3408236,"children":null},"WriteActionMask":{"count":3179738,"self":0.46615809999999996,"total":0.46615809999999996,"children":null},"RequestDecision":{"count":3179738,"self":3.3819828,"total":324.7167244,"children":{"AgentInfo.ToProto":{"count":3179738,"self":3.8724208,"total":321.3347417,"children":{"GenerateSensorData":{"count":3179738,"self":317.46232319999996,"total":317.462321,"children":null}}}}}}},"DecideAction":{"count":169134,"self":854.7270656,"total":854.7270689,"children":null},"AgentAct":{"count":169134,"self":30.611407999999997,"total":30.6114093,"children":null},"AgentInfo.ToProto":{"count":83858,"self":0.34745889999999996,"total":12.2546821,"children":{"GenerateSensorData":{"count":83858,"self":11.907223199999999,"total":11.907223199999999,"children":null}}}},"gauges":{"MoveToTarget.CumulativeReward":{"count":83858,"max":0.515000343,"min":-4.410042,"runningAverage":-1.380236,"value":-1.5899992,"weightedAverage":-1.32906127}},"metadata":{"timer_format_version":"0.1.0","start_time_seconds":"1723725568","unity_version":"2022.3.13f1","command_line_arguments":"C:\\Program Files\\Unity\\Hub\\Editor\\2022.3.13f1\\Editor\\Unity.exe -projectpath C:\\UnityProjects\\MotoCourier -useHub -hubIPC -cloudEnvironment production -licensingIpc LicenseClient-Yaroslav -hubSessionId 0c81ddd8-c0e5-4c1e-87ba-18800c1496b4 -accessToken OAT6dP1gDNSZz41LKMAkgsKoF48NR7v97duGHyzrOqY002f","communication_protocol_version":"1.5.0","com.unity.ml-agents_version":"2.0.1","scene_name":"ML_Learning","end_time_seconds":"1723727184"}}