{"count":1,"self":49.188876799999996,"total":119.9748736,"children":{"InitializeActuators":{"count":27,"self":0.0010007,"total":0.0010007,"children":null},"InitializeSensors":{"count":27,"self":0.0010035999999999999,"total":0.0010035999999999999,"children":null},"AgentSendState":{"count":15417,"self":0.1314083,"total":8.8121397,"children":{"CollectObservations":{"count":83268,"self":0.057564199999999996,"total":0.057564199999999996,"children":null},"WriteActionMask":{"count":83268,"self":0.0118369,"total":0.0118369,"children":null},"RequestDecision":{"count":83268,"self":0.091421099999999991,"total":8.6113302999999988,"children":{"AgentInfo.ToProto":{"count":83268,"self":0.1070463,"total":8.519909199999999,"children":{"GenerateSensorData":{"count":83268,"self":8.4128632,"total":8.4128629,"children":null}}}}}}},"DecideAction":{"count":15417,"self":29.0675296,"total":29.067529399999998,"children":null},"AgentAct":{"count":15417,"self":32.8274624,"total":32.827464,"children":null},"AgentInfo.ToProto":{"count":518,"self":0.0030353999999999997,"total":0.075946699999999992,"children":{"GenerateSensorData":{"count":518,"self":0.0729113,"total":0.0729113,"children":null}}}},"gauges":{"MoveToTarget.CumulativeReward":{"count":518,"max":189.1961,"min":-143.352661,"runningAverage":-10.3789072,"value":-11.9216671,"weightedAverage":-24.6034012}},"metadata":{"timer_format_version":"0.1.0","start_time_seconds":"1723564410","unity_version":"2022.3.13f1","command_line_arguments":"C:\\Program Files\\Unity\\Hub\\Editor\\2022.3.13f1\\Editor\\Unity.exe -projectpath C:\\UnityProjects\\MotoCourier -useHub -hubIPC -cloudEnvironment production -licensingIpc LicenseClient-Yaroslav -hubSessionId c4dee8fd-0c17-45d0-aed0-051268a3ab68 -accessToken jsIIYZcVZiAO8LnXuyGTYoIBZEDgjhNfZ55Hsdqy0Hk002f","communication_protocol_version":"1.5.0","com.unity.ml-agents_version":"2.0.1","scene_name":"ML_Learning","end_time_seconds":"1723564530"}}